{
  "AAPL": {
    "sharpe": 4.224637021848043,
    "return": 0.5493406092588149,
    "mdd": -0.06450782205626737,
    "calmar": 8.515875931753655,
    "win_rate": 0.5772357723577236
  },
  "MSFT": {
    "sharpe": 2.8952402822611787,
    "return": 0.4849387167175905,
    "mdd": -0.09516111253995663,
    "calmar": 5.095975696101414,
    "win_rate": 0.5203252032520326
  },
  "NVDA": {
    "sharpe": 4.043598963461798,
    "return": 1.9521269996507162,
    "mdd": -0.10082277654433847,
    "calmar": 19.361964295758472,
    "win_rate": 0.5853658536585366
  }
}