{
  "AAPL": {
    "sharpe": 3.8599381388408465,
    "return": 0.4543217719266095,
    "mdd": -0.061991390985871586,
    "calmar": 7.328788154312486,
    "win_rate": 0.5040650406504065
  },
  "MSFT": {
    "sharpe": 2.700850991955848,
    "return": 0.42526601582302237,
    "mdd": -0.09781779941356505,
    "calmar": 4.3475320276326705,
    "win_rate": 0.45528455284552843
  },
  "NVDA": {
    "sharpe": 3.4070413184894512,
    "return": 1.4418924099545776,
    "mdd": -0.10082277654433858,
    "calmar": 14.301256713759319,
    "win_rate": 0.5203252032520326
  }
}